{
    "rmse": 0.7600333312834444,
    "mae": 0.6333731055840588,
    "r2": 0.04407912116599566
}