{
    "rmse": 0.7486372464497143,
    "mae": 0.619839197776004,
    "r2": 0.07253072574809916
}